Type,First,Second,BondType
ALA,C,O,2
ALA,C,CA,1
ALA,CA,N,1
ALA,CA,CB,1
ARG,C,O,2
ARG,C,CA,1
ARG,CA,N,1
ARG,CA,CB,1
ARG,CB,CG,1
ARG,CG,CD,1
ARG,CD,NE,1
ARG,NE,CZ,1
ARG,CZ,NH1,2
ARG,CZ,NH2,1
ASN,C,O,2
ASN,C,CA,1
ASN,CA,N,1
ASN,CA,CB,1
ASN,CB,CG,1
ASN,CG,OD1,2
ASN,CG,ND2,1
ASP,C,O,2
ASP,C,CA,1
ASP,CA,N,1
ASP,CA,CB,1
ASP,CB,CG,1
ASP,CG,OD1,2
ASP,CG,OD2,1
CYS,C,O,2
CYS,C,CA,1
CYS,CA,N,1
CYS,CA,CB,1
CYS,CB,SG,1
GLN,C,O,2
GLN,C,CA,1
GLN,CA,N,1
GLN,CA,CB,1
GLN,CB,CG,1
GLN,CG,CD,1
GLN,CD,OE1,2
GLN,CD,NE2,1
GLU,C,O,2
GLU,C,CA,1
GLU,CA,N,1
GLU,CA,CB,1
GLU,CB,CG,1
GLU,CG,CD,1
GLU,CD,OE1,2
GLU,CD,OE2,1
GLY,C,O,2
GLY,C,CA,1
GLY,CA,N,1
HIS,C,O,2
HIS,C,CA,1
HIS,CA,N,1
HIS,CA,CB,1
HIS,CB,CG,1
HIS,CG,ND1,1
HIS,CG,CD2,2
HIS,ND1,CE1,1
HIS,CD2,NE2,1
HIS,CE1,NE2,2
ILE,C,O,2
ILE,C,CA,1
ILE,CA,N,1
ILE,CA,CB,1
ILE,CB,CG1,1
ILE,CB,CG2,1
ILE,CG1,CD1,1
LEU,C,O,2
LEU,C,CA,1
LEU,CA,N,1
LEU,CA,CB,1
LEU,CB,CG,1
LEU,CG,CD1,1
LEU,CG,CD2,1
LYS,C,O,2
LYS,C,CA,1
LYS,CA,N,1
LYS,CA,CB,1
LYS,CB,CG,1
LYS,CG,CD,1
LYS,CD,CE,1
LYS,CE,NZ,1
MET,C,O,2
MET,C,CA,1
MET,CA,N,1
MET,CA,CB,1
MET,CB,CG,1
MET,CG,SD,1
MET,SD,CE,1
PHE,C,O,2
PHE,C,CA,1
PHE,CA,N,1
PHE,CA,CB,1
PHE,CB,CG,1
PHE,CG,CD1,2
PHE,CG,CD2,1
PHE,CD1,CE1,1
PHE,CD2,CE2,2
PHE,CE1,CZ,2
PHE,CE2,CZ,1
PRO,C,O,2
PRO,C,CA,1
PRO,CA,N,1
PRO,CA,CB,1
PRO,CB,CG,1
PRO,CG,CD,1
PRO,CD,N,1
SER,C,O,2
SER,C,CA,1
SER,CA,N,1
SER,CA,CB,1
SER,CB,OG,2
THR,C,O,2
THR,C,CA,1
THR,CA,N,1
THR,CA,CB,1
THR,CB,OG1,1
THR,CB,CG2,1
TRP,C,O,2
TRP,C,CA,1
TRP,CA,N,1
TRP,CA,CB,1
TRP,CB,CG,1
TRP,CG,CD1,2
TRP,CG,CD2,1
TRP,CD1,NE1,1
TRP,CD2,CE2,2
TRP,NE1,CE2,1
TRP,CD2,CE3,1
TRP,CE2,CZ2,1
TRP,CE3,CZ3,2
TRP,CZ2,CH2,2
TRP,CZ3,CH2,1
TYR,C,O,2
TYR,C,CA,1
TYR,CA,N,1
TYR,CA,CB,1
TYR,CB,CG,1
TYR,CG,CD1,2
TYR,CG,CD2,1
TYR,CD1,CE1,1
TYR,CD2,CE2,2
TYR,CE1,CZ,2
TYR,CE2,CZ,1
TYR,CZ,OH,1
VAL,C,O,2
VAL,C,CA,1
VAL,CA,N,1
VAL,CA,CB,1
VAL,CB,CG1,1
VAL,CB,CG2,1
